seed,acc_argmax,acc_matchprior_inductive,pi_target_true(source0),pi_target_false(source1),calib_T,thr_true_from_train,test_rows,train_unique_texts
42,0.7176781002638523,0.7440633245382586,0.5365307927131653,0.4634692072868347,0.5,0.7348080909444832,1516.0,5805.0
43,0.7295514511873351,0.7203166226912929,0.532814621925354,0.467185378074646,0.5,0.6861350727231184,1516.0,5805.0
44,0.7453825857519789,0.7730870712401056,0.544019341468811,0.45598065853118896,0.5,0.7979632332149151,1516.0,5805.0
45,0.5771767810026385,0.5837730870712401,0.5340636372566223,0.4659363627433777,0.5,0.6664001231420116,1516.0,5805.0
46,0.7044854881266491,0.7269129287598944,0.5465296506881714,0.4534703195095062,0.5,0.7973278406681175,1516.0,5805.0
mean,0.6948548812664909,0.7096306068601583,,,,,,
std,0.06748830283917832,0.07325523836271126,,,,,,
