{
  "rounds": [
    {
      "round": 1,
      "ood_info": {
        "method": "none",
        "alpha_hat": 0.0
      },
      "shift_info": {
        "reason": "both_extreme",
        "chosen": "fallback_source",
        "pi_t1": 0.4992811665639762,
        "pi_s1": 0.4992811665639762,
        "bbse_ok": false,
        "em_ok": false
      },
      "threshold_info": {
        "method": "quantile",
        "tau": 0.21106676084350376
      },
      "pseudo_info": {
        "strategy": "topk_balanced",
        "n_id": 6070,
        "total_budget": 1518,
        "k_pos": 758,
        "k_neg": 760,
        "selected": 1518,
        "selected_pos": 758,
        "selected_neg": 760,
        "pi_t1": 0.4992811665639762,
        "tau": 0.21106676084350376
      },
      "pseudo_pool_size": 1518,
      "pseudo_pool_pos": 758,
      "pseudo_pool_neg": 760,
      "stage_adapt": {
        "best_macro_f1": 0.8066609552366673,
        "best_ckpt": "runs/local6_plus/adapt_round1_best.pt"
      },
      "temperature": null
    },
    {
      "round": 2,
      "ood_info": {
        "method": "none",
        "alpha_hat": 0.0
      },
      "shift_info": {
        "method": "bbse",
        "C": [
          [
            0.7836065573770492,
            0.17263843648208468
          ],
          [
            0.21639344262295082,
            0.8273615635179153
          ]
        ],
        "confusion_counts": [
          [
            239.0,
            66.0
          ],
          [
            53.0,
            254.0
          ]
        ],
        "q1": 0.4029654036243822,
        "cond_number": 1.6417375121717004,
        "pi1_raw": 0.3053710244785524,
        "pi1_clipped": 0.3053710244785524,
        "pi_before_smooth": 0.3053710244785524,
        "pi_after_smooth": 0.44110812393834903,
        "chosen": "bbse",
        "pi_t1": 0.44110812393834903,
        "pi_s1": 0.4992811665639762,
        "bbse_ok": true,
        "em_ok": true
      },
      "threshold_info": {
        "method": "quantile",
        "tau": 0.34694201949380976
      },
      "pseudo_info": {
        "strategy": "topk_balanced",
        "n_id": 6070,
        "total_budget": 1518,
        "k_pos": 670,
        "k_neg": 848,
        "selected": 1518,
        "selected_pos": 670,
        "selected_neg": 848,
        "pi_t1": 0.44110812393834903,
        "tau": 0.34694201949380976
      },
      "pseudo_pool_size": 1518,
      "pseudo_pool_pos": 670,
      "pseudo_pool_neg": 848,
      "stage_adapt": {
        "best_macro_f1": 0.8082660561513435,
        "best_ckpt": "runs/local6_plus/adapt_round2_best.pt"
      },
      "temperature": null
    },
    {
      "round": 3,
      "ood_info": {
        "method": "none",
        "alpha_hat": 0.0
      },
      "shift_info": {
        "method": "bbse",
        "C": [
          [
            0.7836065573770492,
            0.17263843648208468
          ],
          [
            0.21639344262295082,
            0.8273615635179153
          ]
        ],
        "confusion_counts": [
          [
            239.0,
            66.0
          ],
          [
            53.0,
            254.0
          ]
        ],
        "q1": 0.3766062602965404,
        "cond_number": 1.6417375121717004,
        "pi1_raw": 0.26222778602409724,
        "pi1_clipped": 0.26222778602409724,
        "pi_before_smooth": 0.26222778602409724,
        "pi_after_smooth": 0.38744402256407345,
        "chosen": "bbse",
        "pi_t1": 0.38744402256407345,
        "pi_s1": 0.4992811665639762,
        "bbse_ok": true,
        "em_ok": true
      },
      "threshold_info": {
        "method": "quantile",
        "tau": 0.3407062565818018
      },
      "pseudo_info": {
        "strategy": "topk_balanced",
        "n_id": 6070,
        "total_budget": 1518,
        "k_pos": 588,
        "k_neg": 930,
        "selected": 1518,
        "selected_pos": 588,
        "selected_neg": 930,
        "pi_t1": 0.38744402256407345,
        "tau": 0.3407062565818018
      },
      "pseudo_pool_size": 1518,
      "pseudo_pool_pos": 588,
      "pseudo_pool_neg": 930,
      "stage_adapt": {
        "best_macro_f1": 0.8103846153846155,
        "best_ckpt": "runs/local6_plus/adapt_round3_best.pt"
      },
      "temperature": null
    }
  ]
}